genome;Genome_Size;GC_perc;Coding_base_perc;CDS_perc;RNA_perc;rRNA_count;Transporter_perc;Signal_peptide_perc;Transmembrane_perc;Gene_Count;min;max
IMG_2228664051;1399300;0.46;90.27;98.97;1.03;3;3.63;3.99;21.27;1655;5.8;5.8
IMG_2236347069;925141;0.3;95.58;96.88;3.12;3;7.52;4.03;24.93;1091;0.1;40
IMG_2502545039;4952578;0.53;86.09;98.97;1.03;3;5.29;15.55;24.12;4387;0.8;15
IMG_2503538021;6689401;0.44;85.02;99.04;0.96;9;5.2;4.38;26.14;6033;1.1;1.1
IMG_2503538028;4179170;0.43;87.57;98.52;1.48;9;4.97;3.11;22.4;3920;0.9;35
IMG_2503707007;4633577;0.36;91.04;98.81;1.19;6;3.92;15.08;22.05;4131;0.1;2
IMG_2503982035;8272254;0.46;82.4;98.84;1.16;7;3.23;3.23;19.35;7006;0.3;7.8
IMG_2503982047;7063285;0.39;82.91;98.79;1.21;12;3.58;2.94;20.39;6258;1.1;1.2
IMG_2504136006;3282536;0.53;86.35;98.21;1.79;4;5.86;4.57;24.02;3023;0.1;2.8
IMG_2504557005;5476421;0.43;82.16;99.05;0.95;2;3.59;3.96;21.12;4820;0.1;4.9
IMG_2504557021;2168870;0.5;94.4;98;2;3;13.55;7.45;22.75;2295;1.1;32
IMG_2504643007;1430433;0.52;95.16;96.88;3.13;3;12.5;3.76;24.79;1408;0.1;40
IMG_2504756004;8771651;0.47;89.44;99.13;0.87;6;3.9;16.23;22.95;6918;0.3;6
IMG_2505119037;1999684;0.33;93.15;97.81;2.19;4;14;8.06;28.25;1922;1.5;38
IMG_2505679030;6919729;0.46;89.23;99.15;0.85;6;4.18;13.08;22.41;6025;0.1;3.8
IMG_2505679089;4266344;0.75;90.78;98.53;1.47;6;4.26;5.45;26.48;3875;0.8;10
IMG_2505679121;1163583;0.42;95.36;97.04;2.96;3;5.46;3.74;22.62;1282;0.1;40
IMG_2506485001;5220361;0.36;89.65;98.9;1.1;6;5.09;13.56;23.12;4365;0.1;6
IMG_2506783053;3966857;0.38;87.69;98.59;1.41;6;5.44;9.2;22.82;3620;0.3;38
IMG_2506783061;4991181;0.42;83.79;97.77;2.23;25;5.19;2.79;26.55;4799;1;3.1
IMG_2508501011;3342364;0.69;91.5;98.37;1.63;6;4.74;4.74;24.51;3439;0.1;9
IMG_2508501031;4428365;0.68;90.5;98.6;1.4;9;6.07;9.45;20.69;4297;0.1;38
IMG_2508501048;5342862;0.6;88.08;98.88;1.12;3;4.66;4.9;20.63;5002;3.8;3.8
IMG_2508501050;9633614;0.62;83.61;99.21;0.79;3;4.51;7.01;18.32;10951;0.1;4.6
IMG_2509276020;5608040;0.45;87.45;98.74;1.26;12;5.72;13.58;22.44;4684;1;2
IMG_2509276028;7804270;0.48;81.47;98.41;1.59;9;3.36;3.33;21.52;6101;0.3;4
IMG_2509276051;4613747;0.37;89.67;97.77;2.23;24;3.57;8.23;27.54;4117;0.3;2.4
IMG_2509276057;3285855;0.58;94.42;98.02;1.98;9;5.05;8.59;29.47;2874;1.1;37
IMG_2509276059;4919337;0.31;84.95;98.53;1.47;9;3.52;11.34;30.15;4090;0.8;32
IMG_2509601022;3039623;0.52;93.38;98.47;1.53;4;11.12;9.66;20.44;2950;3.1;5.8
IMG_2509601026;6891283;0.58;84.91;99.13;0.87;7;4.45;3.68;23.45;6470;0.1;35
IMG_2509601035;3734239;0.57;89.7;97.94;2.06;6;5.54;16.26;19.44;3302;1.1;1.1
IMG_2509601041;6221030;0.38;86.09;98.76;1.24;9;5.15;13.13;23.23;5011;14.8;28
IMG_2509887032;2884521;0.33;85.24;96.09;3.91;11;5.53;2.18;26.71;2838;4.3;24.2
IMG_2510065050;3779112;0.68;89.46;97.99;2.01;9;7.07;6.92;24.95;3339;1.6;2.8
IMG_2510065058;5005894;0.66;90.17;98.41;1.59;7;7.77;10.16;23.26;4657;2.1;2.9
IMG_2510461070;5227858;0.6;89.68;98.61;1.39;6;6.23;17.39;24.94;4399;1.7;1.7
IMG_2510917000;5158349;0.51;87.49;98.9;1.1;6;6.22;11.89;23.77;4375;0.8;23
IMG_2511231002;5042903;0.65;90.82;98.75;1.25;7;16.57;11.47;23.17;4889;0.1;40
IMG_2511231003;5606035;0.6;87.96;98.82;1.18;8;18.25;11.22;25.53;5064;0.1;37
IMG_2511231016;6704427;0.59;88.1;98.65;1.35;3;14.58;10.71;22.16;6151;1;32
IMG_2511231026;5225445;0.63;88.38;98.49;1.51;16;16;9.81;23.32;5025;0.1;6
IMG_2511231080;4134229;0.42;88.83;98.23;1.77;12;10.32;10.08;26.59;3720;2.2;10.6
IMG_2511231158;627953;0.24;88.56;93.73;6.27;3;11.53;0.68;14.24;590;6;6
IMG_2511231177;2947662;0.27;93.93;97.57;2.43;15;12.92;6.13;24.25;2919;0.1;28
IMG_2512047034;4718963;0.67;88.82;98.74;1.26;6;15.43;8.04;22.03;4453;0.3;1
IMG_2512047035;3527244;0.61;89.52;96.64;3.36;22;15.18;7.8;23.16;3333;0.3;7.5
IMG_2512047061;2591567;0.46;91.19;97.66;2.34;4;11.09;10.49;25.91;2354;1.2;40
IMG_2512047087;5344419;0.63;88.96;97.98;2.02;12;5.87;8.98;19.63;5335;0.8;32
IMG_2512564004;3137192;0.45;89.85;98.29;1.71;9;11.4;7.27;23.71;3096;0.1;40
IMG_2512564005;2745290;0.48;92.4;98.18;1.82;9;11.43;8.19;21.87;2748;0.3;23
IMG_2512564006;5478249;0.55;83.76;99.05;0.95;6;11.34;5.22;14.82;5149;0.1;32
IMG_2512564033;4875340;0.73;90.44;98.64;1.36;9;9.61;6.05;21.34;4910;0.9;7
IMG_2512564054;1111454;0.29;75.72;95.91;4.09;3;14.55;3.3;27.39;880;0.1;5.8
IMG_2512875015;6075237;0.53;85.88;98.01;1.99;18;4.35;6.58;26.68;5379;0.8;2.1
IMG_2513020052;5120511;0.34;88.82;98.73;1.27;3;6.6;15.15;21.73;4422;0.1;38
IMG_2513237111;3079036;0.35;89.63;98.37;1.63;5;5.13;12.89;23.8;2824;0.9;5.9
IMG_2513237155;4588530;0.57;88.13;98.73;1.27;3;6.53;8.84;26.39;4331;3.8;28
IMG_2513237278;3934101;0.34;87.4;98.63;1.37;2;8.74;10.36;22.53;3640;0.1;24.2
IMG_2513237284;1359862;0.52;92.84;96.74;3.26;3;12.06;5.53;17.66;1410;0.1;40
IMG_2513237304;2286440;0.39;77.92;97.54;2.46;6;11.87;2.11;21.24;2232;0.3;3.95
IMG_2513237349;2457811;0.5;80.46;97.12;2.88;12;12.08;7.12;22.08;2219;1.1;2
IMG_2513237378;5702338;0.42;82.58;98.78;1.22;3;8.81;2.35;23.33;6288;0.1;15.4
IMG_2513237399;2533141;0.31;89.83;97.83;2.17;12;12.88;4.72;22.24;2586;0.9;4.6
IMG_2514885042;3098747;0.5;90.78;98.33;1.67;3;12.67;5.9;20.2;3237;1.2;32
IMG_2515154015;5861079;0.74;91.14;98.87;1.13;9;4.15;5.42;22.85;5756;1.7;1.7
IMG_2515154050;4543205;0.41;83.34;98.51;1.49;4;7.65;8.17;21.49;3829;1.6;24.2
IMG_2515154070;7082771;0.52;86.74;98.93;1.07;4;4.01;19.7;23.98;5405;3.2;5.8
IMG_2515154112;8294334;0.63;84.36;99;1;3;6.05;10.25;22.65;8114;0.9;24.2
IMG_2515154118;6908745;0.64;85.36;98.63;1.37;11;3.96;6.52;20.17;6207;3.8;3.8
IMG_2515154145;9536821;0.36;87.13;99.19;0.81;6;4.58;10.25;26.99;7446;10.6;10.6
IMG_2515154146;4425125;0.37;90.15;98.75;1.25;7;4.84;14.05;27.4;3923;0.1;2.8
IMG_2515154152;2857749;0.4;92.56;97.78;2.22;12;6.03;13.21;25.39;2521;3;10.1
IMG_2515154158;3831242;0.43;90.89;98.45;1.55;7;6.01;11.24;26.62;3426;0.8;40
IMG_2515154190;4175892;0.71;89.79;98.56;1.44;5;5.46;10.72;22.2;4104;0.1;32
IMG_2515154207;6197269;0.3;84.02;98.42;1.58;11;11.82;3.73;25.85;5872;0.1;2.2
IMG_2516143004;3761451;0.59;89.49;98.06;1.94;9;5.69;5.38;26.07;3460;2.9;3.8
IMG_2516143113;6107890;0.37;84.82;98.83;1.17;6;4.82;11.07;23.87;5211;1.7;1.7
IMG_2516493019;4772825;0.54;89.09;97.45;2.55;18;3.95;7.7;26.71;4556;1;4.6
IMG_2516493023;3459766;0.31;84.55;96.45;3.55;7;5.53;3.85;28.05;3326;2.9;24
IMG_2516493026;2747525;0.46;92.37;98.08;1.92;6;7.91;11.26;26.37;2655;0.1;11.2
IMG_2516653037;4984958;0.61;88.24;97.49;2.51;21;12.47;12.16;24.04;4546;0.3;37
IMG_2516653049;5500153;0.71;92.38;98.94;1.06;3;3.58;10.8;22.73;5279;5.8;5.8
IMG_2516653055;4176524;0.66;88.23;98.52;1.48;5;7.12;8.34;24.88;3863;0.8;40
IMG_2517093015;4047966;0.67;90.31;98.39;1.61;6;7.83;12.55;21.86;3920;0.1;40
IMG_2517093040;5472264;0.68;89.6;98.65;1.35;6;6.58;9.28;24.25;5195;1.2;9.8
IMG_2517093041;4304808;0.67;91.97;98.5;1.5;6;6.95;12.81;23.48;4012;0.1;37
IMG_2517287022;2803787;0.43;90.39;97.64;2.36;10;7.3;9.44;25.51;2713;0.3;24
IMG_2517287028;3912050;0.62;87.43;98.41;1.59;3;5.26;11;23.24;3954;0.9;1.7
IMG_2517434007;4889301;0.67;86.78;98.22;1.78;12;5.72;10.08;23.11;4651;0.8;32
IMG_2517434009;6112094;0.63;89.4;98.78;1.22;6;5.66;9.2;23.52;5977;0.3;23
IMG_2517434011;3187878;0.68;90.97;98.19;1.81;5;6.98;9.36;22.43;3152;0.1;40
IMG_2517487022;7227575;0.61;87.82;98.75;1.25;9;5.27;8.27;21.79;7099;0.8;9
IMG_2517572024;5632035;0.47;84.27;98.16;1.84;6;3.94;5.05;23.11;5006;0.8;32
IMG_2517572121;3364770;0.48;91.06;98.36;1.64;6;7.36;8.91;25.07;3287;1.6;10.1
IMG_2517572243;3692377;0.39;87.04;97.56;2.44;9;6.66;9.52;22.18;3571;0.1;38
IMG_2517572244;2356686;0.55;91.27;97.27;2.73;10;6.34;6.21;23.46;2238;0.3;40
IMG_2518645611;4533090;0.59;87.87;98.08;1.92;10;9.07;7.46;23.65;4368;2.8;40
IMG_2518645613;3001811;0.37;91.11;98.2;1.8;8;5.05;11.63;22.41;2829;0.1;40
IMG_2519103005;1297537;0.44;92.62;97.78;2.22;4;8.31;9.56;22.65;1444;0.1;40
IMG_2519103017;3562925;0.66;89.1;98.13;1.87;6;11.28;5.44;22.73;3643;0.8;40
IMG_2519103028;3219312;0.39;93.41;98.24;1.76;5;7.21;11.92;22.65;3011;0.1;40
IMG_2519103046;3277765;0.6;92.18;98.44;1.56;3;6.69;12.09;23.07;3260;1.6;21
IMG_2519103187;4068866;0.51;90.48;98.07;1.93;12;7.64;13.67;23.32;3680;2.5;4.6
IMG_2519899509;4343639;0.64;91.26;98.54;1.46;3;6.65;17.51;25.8;3775;1.7;7.8
IMG_2519899517;5108628;0.67;89.72;98.43;1.57;6;7.18;9.62;25.04;4709;0.9;3
IMG_2519899571;4952465;0.69;87.31;100;0;0;13.25;9.75;24.36;4574;0.8;32
IMG_2519899603;1285866;0.34;90.13;95.91;4.09;3;9.94;3.04;23.72;1248;0.9;24.2
IMG_2519899636;4835674;0.49;83.66;98.4;1.6;4;6.1;12.21;22.91;4439;0.9;9
IMG_2519899651;6250814;0.59;87.54;99;1;3;4.61;13.55;25.86;5491;1.7;1.7
IMG_2519899692;3801689;0.47;89.05;97.98;2.02;11;7.36;7.95;24.59;3559;4;9.8
IMG_2521172619;4642596;0.64;88.55;98.22;1.78;12;6.4;9.28;20.56;4388;1.2;32
IMG_2521172635;3721596;0.62;91.97;98.21;1.79;9;5.93;8.65;23.15;3793;0.1;35
IMG_2521172649;4000424;0.49;91.03;98.15;1.85;3;7.39;13.38;25.94;3790;0.3;38
IMG_2521172662;5484375;0.39;83.74;98.11;1.89;5;5.98;13.66;26.12;4598;3;4.1
IMG_2521172689;2360313;0.43;93.93;97.64;2.36;12;9.85;6.66;21.85;2416;0.1;4.1
IMG_2521172691;4928223;0.62;89.52;98.93;1.07;6;14.27;9.22;22.21;4470;0.1;38
IMG_2521172692;4002352;0.66;84.26;98.76;1.24;3;8.23;6.3;21.65;3875;2.9;37
IMG_2522125057;4430425;0.68;90.19;98.29;1.71;3;11.05;14.11;23.23;4145;1.2;32
IMG_2522125081;4079718;0.63;91.54;98.18;1.82;9;7.83;7.63;22.17;3906;0.1;35
IMG_2522125154;1246510;0.55;80.12;97.57;2.43;10;3;4.6;18.84;1566;0.3;23
IMG_2522125157;3546872;0.4;90.26;98.22;1.78;9;5.59;10.7;23.06;3253;0.8;32
IMG_2522125168;7376607;0.52;91.74;99.18;0.82;10;4.67;16.9;22.14;6125;0.9;2
IMG_2522572097;3411710;0.59;92.41;98.42;1.58;4;15.99;8.52;20.45;3414;0.1;40
IMG_2522572099;6306952;0.63;87.73;98.8;1.2;4;4.89;8.75;24.12;6232;0.9;1
IMG_2522572100;4034872;0.68;92.75;98.51;1.49;6;5.37;4.88;28.77;3890;0.9;4.5
IMG_2522572130;6253582;0.73;91.75;98.81;1.19;6;4.38;6.52;27.2;5569;1.7;1.7
IMG_2522572162;4002854;0.36;90.44;95.16;4.84;6;4.92;13.87;21.86;3655;0.3;4.1
IMG_2522572178;3766362;0.4;87.79;98.26;1.74;11;6.96;9.77;25.61;3276;0.9;24.2
IMG_2522572188;5245321;0.72;89.92;98.73;1.27;5;7.03;8.12;25.61;4952;0.3;32
IMG_2523231010;4829548;0.7;92.83;98.77;1.23;3;4.36;4.63;24.55;4705;0.1;7.8
IMG_2523231034;2613739;0.64;93.03;97.99;2.01;3;6.5;14.11;21.31;2586;0.1;0.3
IMG_2523231049;5084548;0.67;90.59;98.58;1.42;9;6.95;7.18;22.95;4776;4.5;16.2
IMG_2523231054;3445768;0.38;90.92;98.53;1.47;6;5.32;11.88;24.79;3122;0.1;40
IMG_2523231061;4430943;0.37;87.47;98.48;1.52;4;5.67;10.43;22.31;3949;1.5;1.5
IMG_2523231064;5783376;0.48;88.84;98.92;1.08;6;4.72;14.02;22.35;5016;0.3;13.8
IMG_2523231079;7114674;0.64;92.11;98.3;1.7;20;12.15;18.11;23.61;6100;0.9;28
IMG_2523533530;4686152;0.48;90.65;98.87;1.13;3;4.64;18.6;22.23;4053;0.9;1.7
IMG_2523533544;3151451;0.68;91.79;98.05;1.95;6;7.45;11.95;23.71;2978;1.8;23
IMG_2523533559;4258722;0.61;91.92;98.51;1.49;7;7.54;10.06;21.96;4016;0.3;38
IMG_2523533576;4021020;0.34;90.54;98.44;1.56;7;5.16;12.71;21.77;3524;0.1;5.8
IMG_2523533585;4351767;0.46;91.07;97.33;2.67;12;5.99;13.54;23.14;4187;0.1;32
IMG_2523533591;4927676;0.7;86.37;98.91;1.09;5;11.78;7.47;18.8;5138;0.9;23
IMG_2523533607;3441043;0.3;91.43;97.27;2.73;5;4.84;12.41;23.18;3223;0.1;10.1
IMG_2523533611;7048723;0.59;89.21;99.07;0.93;6;9.61;11.54;19.5;6568;0.1;40
IMG_2523533612;3554982;0.64;89.78;98.24;1.76;4;6.38;7.37;20.75;3528;0.1;40
IMG_2524023067;4502291;0.58;89.72;98.15;1.85;12;7.82;14.31;23.38;3836;0.8;21
IMG_2524023136;3764506;0.41;88.69;98.25;1.75;4;5.36;11.89;22.7;3432;0.8;35
IMG_2524023148;9313965;0.71;93.98;99.34;0.66;3;3.89;13.98;22.19;8699;1;3.2
IMG_2524023175;2724834;0.52;91.89;98.69;1.31;3;3.34;12.25;21.39;2515;0.1;40
IMG_2524023176;2256374;0.51;93.74;98.55;1.45;4;12.21;10.49;23.38;2203;0.1;40
IMG_2524023178;729926;0.39;93.49;96.05;3.95;4;4.79;6.83;20.12;835;0.1;9
IMG_2524023189;1154578;0.44;95.53;96.79;3.21;3;5.44;4.37;22.73;1214;0.1;6
IMG_2524023196;5240814;0.39;90.62;99.02;0.98;6;7.36;14.45;21.85;4594;0.3;16.9
IMG_2524023219;2569486;0.36;85.97;96.91;3.09;18;11.21;3.7;24.68;2488;0.8;32
IMG_2524023220;5197905;0.41;87.82;98.65;1.35;12;11.41;3.77;24.42;4435;1.1;37
IMG_2524023249;3416011;0.68;88.66;98.26;1.74;3;6.81;14.59;25.06;3112;4;32
IMG_2524614536;4802534;0.64;91.28;98.53;1.47;10;4.3;6.68;25.08;4626;0.1;8.8
IMG_2524614585;2345682;0.4;89.63;97.03;2.97;9;6.43;4.31;25.83;2458;1.5;6
IMG_2524614608;3539530;0.53;91.88;98.6;1.4;3;6.52;8.29;25.11;3512;0.8;35
IMG_2524614649;2548011;0.65;93.57;98;2;3;6.01;10.51;21.81;2646;0.1;15.4
IMG_2524614667;4638566;0.42;89.73;98.63;1.37;5;4.51;18.71;22.26;4147;0.1;32
IMG_2524614671;6029378;0.64;89.26;97.93;2.07;8;7.24;10.72;21.83;5662;0.1;38
IMG_2524614672;4745273;0.55;87.79;98.36;1.64;11;6.37;7.47;23.45;4444;0.3;32
IMG_2524614725;3269398;0.4;92.68;98;2;6;5.52;11.4;21.74;3045;1.5;35
IMG_2524614759;4639907;0.63;88;97.84;2.16;9;9.58;10.64;23;4165;0.1;40
IMG_2524614846;4635666;0.44;88.28;97.55;2.45;16;7.87;12.57;24.9;4040;0.1;35
IMG_2524614862;2647044;0.71;94.12;97.43;2.57;10;7.13;11.98;23.79;2455;0.9;32
IMG_2524614877;2426407;0.65;93.6;97.54;2.46;8;7.34;8.84;21.97;2399;1;11.5
IMG_2526164512;4025691;0.65;90.92;98.06;1.94;9;6.97;8.8;24.87;3703;0.1;1.1
IMG_2526164527;3835778;0.57;92.23;98.16;1.84;10;7.12;9.23;24.28;3596;0.1;40
IMG_2526164698;4649474;0.67;88.41;98.84;1.16;3;16.36;8.99;21.38;4640;1.6;23
IMG_2526164719;2223664;0.63;86.12;96.79;3.21;9;10.25;4.94;24.54;1903;1;32
IMG_2526164739;4833904;0.55;90.03;96.47;3.53;6;16.67;9.77;23.8;4698;1.1;28
IMG_2527291626;2637620;0.5;91.92;97.5;2.5;14;11.3;9.87;23.52;2725;0.9;10.5
IMG_2528311092;4745897;0.38;82.51;96.78;3.22;7;7.68;7.47;24.22;4219;1.1;13.8
IMG_2528768057;752653;0.46;88.71;95.97;4.03;4;3.38;3.05;30.43;917;0.3;24.2
IMG_2528768096;810830;0.59;83.93;98.92;1.08;3;4.93;8.29;22.84;832;0.9;28
IMG_2528768119;563360;0.63;90.23;97.12;2.88;2;5.45;14.9;21.96;624;0.1;4.6
IMG_2528768121;519583;0.65;88.78;97.78;2.22;3;6.85;12.04;21.3;540;0.8;35
IMG_2528768122;1382646;0.66;90.32;98.51;1.49;3;8.11;15.92;22.69;1344;0.8;28
IMG_2529292932;3433706;0.44;89.8;97.67;2.33;8;7.85;14.58;23.26;2880;2;2
IMG_2529292954;4245176;0.51;89.41;98.96;1.04;2;10.22;10.48;3.75;3836;3.2;5.8
IMG_2529293054;1621848;0.39;73.47;97.68;2.32;6;6.91;2.37;18.11;1938;1.2;15
IMG_2529293058;4918045;0.45;90.19;97.32;2.68;30;7.7;13.72;22.01;4248;2;2
IMG_2529293096;2952682;0.34;93.8;97.99;2.01;12;8.93;7.91;23.62;2934;1.1;5.9
IMG_2529293251;4420312;0.67;86.44;98.68;1.32;3;7.84;8.63;16.58;4760;0.1;32
IMG_2529293266;5966298;0.4;89.39;98.64;1.36;7;7.07;15.46;22.92;4934;1.1;7
IMG_2531839096;3952792;0.65;90.76;98.79;1.21;2;16.16;6.5;22.74;3800;3.4;3.4
IMG_2531839182;5910810;0.59;88.15;98.75;1.25;10;15.42;10.49;22.82;5299;0.9;28
IMG_2531839228;6737864;0.42;85.67;100;0;0;6.45;8.27;22.69;5958;0.8;23
IMG_2531839250;5309980;0.42;89.86;98.18;1.82;10;7.94;16.81;24.8;4230;1.5;7
IMG_2531839303;5479119;0.43;90.37;98.14;1.86;15;7.89;14.68;24.22;4674;1;7.8
IMG_2531839309;4389620;0.66;71.37;98.59;1.41;2;10.66;6.35;22.54;3686;0.9;40
IMG_2531839443;3139099;0.71;86.04;98.24;1.76;7;9.34;5.73;21.5;3125;0.1;35
IMG_2531839472;2021208;0.41;90.07;97.54;2.46;4;14.45;8;20.52;2076;2;28
IMG_2531839497;3311768;0.36;88.3;98.44;1.56;9;7.69;10.42;21.8;3004;0.3;37
IMG_2531839707;3335922;0.67;90.9;98.59;1.41;2;10.71;11.64;21.29;3556;1.9;1.9
IMG_2534681824;2286294;0.42;86.54;97.7;2.3;2;12.87;4.78;20.86;2176;1;7.8
IMG_2534682028;8478314;0.72;88.64;99.2;0.8;0;9.16;8.02;21.37;8858;0.1;40
IMG_2534682104;3464366;0.39;85.79;98.21;1.79;2;7.95;8.41;29.28;3081;0.1;32
IMG_2534682140;5048917;0.45;85.23;100;0;0;14.81;10.19;23.99;4565;0.1;40
IMG_2537561731;3299517;0.54;87.96;97.22;2.78;16;11.28;6.94;23.12;3201;0.9;15
IMG_2537561949;2552288;0.46;86.74;97.93;2.07;3;6.64;12.55;19.06;2366;2.9;2.9
IMG_2537562047;4137438;0.63;87.62;98.82;1.18;3;9.41;9.65;21.58;3804;3.2;21
IMG_2537562065;4850031;0.49;89.07;98.97;1.03;3;10.69;11.84;24.53;4349;0.8;3.2
IMG_2537562116;5328293;0.45;88.38;98.76;1.24;3;14.36;10.87;24.91;4929;3;23
IMG_2537562120;5272243;0.59;77;98.8;1.2;5;16.72;8.16;23.16;4671;0.1;32
IMG_2537562245;645847;0.32;92.27;96.16;3.84;4;4.1;3.57;18.52;756;3.1;5.9
IMG_2540341106;5575517;0.74;91.43;98.74;1.26;9;9.83;5.41;21.95;5562;0.8;28
IMG_2540341128;3914632;0.35;90.6;98.69;1.31;6;6.68;10.91;22.94;3666;2.9;24
IMG_2540341230;4182541;0.42;90.68;98.56;1.44;6;4.66;11.73;21.49;3820;0.1;3.8
IMG_2540341243;3987984;0.64;89.62;97.99;2.01;12;8.43;9.48;23.11;3725;0.1;1.8
IMG_2541046968;2528452;0.34;93.07;95.8;4.2;7;4.41;11.81;20.38;2380;0.3;0.3
IMG_2541046978;1918533;0.39;89.14;97.32;2.68;4;15.67;6.36;26.08;1825;9;9
IMG_2541046994;6290824;0.53;86.07;98.45;1.55;13;12.92;8.53;28.85;5758;0.8;1
IMG_2541046999;3493880;0.39;84.51;98.01;1.99;11;11.11;6.59;28.19;3519;0.8;10.1
IMG_2541047129;4849611;0.42;83.19;99.11;0.89;6;6;1.89;18.28;5404;3.2;40
IMG_2541047476;3450786;0.36;92.41;98.83;1.17;3;8.26;13.45;19.51;3331;2.2;2.2
IMG_2541047528;4039222;0.48;87.99;97.93;2.07;13;13.91;8.55;23.87;3766;0.1;10.6
IMG_2541047555;3983371;0.28;79.75;98.15;1.85;6;10.99;4.18;25.42;3784;0.9;1
IMG_2541047992;4687695;0.38;86.63;99.03;0.97;2;6.92;7.4;20.32;4351;0.9;15.4
IMG_2545555832;783186;0.45;94.56;96.7;3.3;6;4.36;4.72;21.46;848;0.1;40
IMG_2545824541;3467617;0.31;91.43;97.38;2.62;6;4.77;12.92;22.37;3250;0.9;35
IMG_2545824624;4830181;0.67;93.12;98.76;1.24;6;9.78;9.07;20.16;4345;0.8;32
IMG_2545824641;6291928;0.39;84.59;99.35;0.65;4;6;6.74;19.36;5997;1;38
IMG_2545824645;3653464;0.65;90.53;98.66;1.34;2;10.59;12.95;22.77;3514;0.1;38
IMG_2545824672;2301651;0.38;90.79;96.33;3.67;18;14.12;3.85;27.36;2259;1.5;8.4
IMG_2545824759;2035605;0.41;88.21;97.29;2.71;3;12.12;3.6;27.14;2030;1;37
IMG_2545824761;4337031;0.33;85.82;98.94;1.06;3;6.98;9.88;21.44;4067;0.9;24
IMG_2545824783;2302023;0.35;92.83;98.2;1.8;3;11.15;6.65;24.23;2332;3.4;28
IMG_2546826724;7209506;0.71;86.82;98.66;1.34;16;5.98;11.13;22.95;7001;1;23
IMG_2547132101;4074265;0.64;91.56;98.51;1.49;3;11.52;10.93;20.35;3960;0.8;16.9
IMG_2547132104;4370691;0.56;91.61;98.17;1.83;5;13.87;8.34;23.08;4147;0.8;13.8
IMG_2547132124;3985109;0.58;91.34;98.26;1.74;3;7.78;22;20.11;3213;2;2
IMG_2547132141;4180007;0.65;91.36;98.58;1.42;3;10.55;11.67;22.82;4027;0.8;15.4
IMG_2547132142;4662119;0.66;88.69;98.69;1.31;3;9.77;12.19;21.58;4505;0.9;23
IMG_2547132148;2354438;0.62;85.37;96.68;3.32;3;10.99;5.84;26.19;2020;3.3;7.8
IMG_2547132153;3134698;0.59;88.61;98.06;1.94;3;7.82;16.01;19.33;2685;2;2
IMG_2547132190;3791429;0.73;89.41;98.35;1.65;5;11.93;5.7;24.41;3511;0.9;40
IMG_2547132242;4950327;0.47;87.14;95.19;4.81;60;13.28;10;23.97;4660;1.1;14.8
IMG_2547132374;5530232;0.65;89.3;98.79;1.21;7;15.12;11.19;24.17;5113;0.1;35
IMG_2548876524;4136366;0.55;90.19;97.73;2.27;8;17.16;7.54;25.67;3915;0.1;40
IMG_2548876678;4605070;0.48;84.32;96.99;3.01;7;16.54;7.7;24.01;4323;0.1;40
IMG_2548876715;6239598;0.62;88.95;97.3;2.7;19;14.24;10.42;22.11;5884;0.8;28
IMG_2548876801;4942065;0.63;84.98;98.42;1.58;11;9.62;12.54;20.92;4738;6.2;11
IMG_2548876808;3510716;0.43;83.21;97.81;2.19;10;12.91;7.95;23.56;2929;1.5;32
IMG_2548876819;4475912;0.63;87.17;98.48;1.52;5;9.21;12.53;24.34;4396;0.1;7.8
IMG_2548876984;5141552;0.38;87.71;97.47;2.53;3;5.67;12.68;21.36;5188;0.1;11.2
IMG_2548877138;3288122;0.54;89.76;98.48;1.52;6;15.06;5.29;19.96;3101;1.2;3.2
IMG_2551306081;3464338;0.39;88.67;96.62;3.38;27;11.45;9.67;23.47;3370;1.1;1.1
IMG_2551306121;3920549;0.37;85.56;97.56;2.44;6;12.98;5.75;28.6;3982;1.2;7.5
IMG_2551306151;4626799;0.54;87.71;98.12;1.88;5;11.98;8.61;21.23;4634;0.1;10.1
IMG_2551306152;4046117;0.66;91.12;98.43;1.57;3;11.06;13.67;21.92;3832;0.9;6
IMG_2551306370;5207049;0.69;89.57;98.75;1.25;3;19.06;9.15;25.74;5038;0.8;40
IMG_2551306384;5198514;0.36;88.46;97.49;2.51;7;7.04;13.75;22.26;4430;0.9;1.1
IMG_2551306395;4319733;0.38;87.28;98.61;1.39;3;9.01;8.61;23.49;3951;0.3;32
IMG_2551306448;4663043;0.47;87.72;97.34;2.66;11;14.16;10.63;24.93;4244;0.3;32
IMG_2551306473;4228288;0.37;89.07;96.65;3.35;3;7.23;13.77;22.43;3705;0.8;11.5
IMG_2551306477;4308385;0.31;81.51;96.65;3.35;19;10.84;3.74;26.3;4095;0.8;4.1
IMG_2551306481;2899072;0.67;91.19;98.13;1.87;3;9.23;12.96;23.78;2839;0.1;40
IMG_2551306482;3616216;0.64;91.23;98.47;1.53;3;10.76;13.25;21.51;3403;0.1;38
IMG_2551306499;4805588;0.46;86.79;98.72;1.28;3;7.25;12.01;24.35;4205;0.8;23
IMG_2551306538;7237999;0.67;88.09;98.38;1.62;32;12.71;6.31;21.41;7358;0.8;28
IMG_2551306541;1885265;0.3;90.83;97.3;2.7;6;12.57;5.67;25.98;1886;0.1;23
IMG_2551306550;766829;0.31;89.92;96.9;3.1;3;6.92;1.34;21.07;968;6;14.8
IMG_2551306561;4841752;0.62;86.74;96.38;3.62;30;13.25;8.73;23.27;4950;0.1;7
IMG_2551306566;4936541;0.69;90.91;98.65;1.35;5;11.34;8.43;20.23;5042;0.1;35
IMG_2551306671;5141413;0.69;85.68;98.73;1.27;3;8.52;16.94;23.75;4564;0.8;6.8
IMG_2551306688;6118103;0.61;88.76;97.55;2.45;4;14.16;10.24;21.91;5713;0.1;40
IMG_2554235135;4642307;0.57;90.55;97.98;2.02;3;12.76;9.87;24.52;4348;0.3;37
IMG_2554235170;1871835;0.41;90.09;96.84;3.16;14;13.84;3.74;25.42;1900;1;37
IMG_2554235362;3455167;0.38;88.37;98.59;1.41;6;11.04;8.84;25.24;3043;0.8;4.3
IMG_2554235389;1739487;0.63;95.16;97.23;2.77;3;14.84;5.89;20.96;1732;0.1;40
IMG_2554235409;9228054;0.71;90.07;99.14;0.86;12;8.31;6.93;23.32;8283;0.1;5.8
IMG_2554235415;2839759;0.47;92.99;97.5;2.5;12;12;11.63;24.59;2717;0.1;40
IMG_2554235421;3350620;0.54;87.38;97.48;2.52;18;13.83;4.9;25.19;3101;1;6
IMG_2556921601;3961953;0.62;88.61;97.9;2.1;12;5.72;6.76;22.19;3565;0.1;0.1
IMG_2556921603;4853010;0.37;85.95;98.79;1.21;6;4.49;10.21;23.95;4301;2.9;10.6
IMG_2556921618;3242094;0.57;85.45;98.06;1.94;5;6.71;4.17;21.47;2995;4.1;37
IMG_2556921622;4053560;0.5;91.58;98.41;1.59;6;7.25;8.4;21.9;4013;3.2;10.1
IMG_2556921650;3718676;0.51;92.88;98.44;1.56;8;5.65;10.73;23.2;3643;0.1;1
IMG_2556921662;3782798;0.52;90.82;98.57;1.43;6;10.57;4.17;24.49;3500;8.4;28
IMG_2556921666;4622888;0.34;90.29;98.38;1.62;5;3.85;13.11;22.82;4128;2.9;2.9
IMG_2558309003;4024838;0.34;84.94;98.13;1.87;10;4.84;5.11;28.63;3800;0.3;32
IMG_2558309070;1926631;0.64;94.2;97.49;2.51;3;15.53;5.6;22.75;1912;0.1;40
IMG_2558309102;4659730;0.68;90.73;98.72;1.28;5;7.39;9.12;22.43;4548;0.8;28
IMG_2558309104;4428895;0.67;90.2;98.5;1.5;7;5.75;8.18;20.02;4280;0.8;38
IMG_2558309107;2913095;0.41;90.02;97.88;2.12;11;6.02;7.66;24.62;2742;0.1;2
IMG_2558860208;3175729;0.41;92.49;98.42;1.58;6;13.58;7.21;26.18;3285;0.1;1.8
IMG_2558860253;4643553;0.51;88.99;96.14;3.86;22;15.01;9.29;22.83;4511;0.8;37
IMG_2558860278;3064648;0.29;92.68;98.71;1.29;3;17.25;4.18;24.02;3014;1;24.2
IMG_2558860359;3177226;0.43;90.34;97.83;2.17;13;12.27;4.87;25.25;3041;1;7.8
IMG_2558860408;2483597;0.58;90.68;97.29;2.71;14;11.88;8.26;25.65;2398;2.9;23
IMG_2558860475;5283728;0.4;84.53;99.57;0.43;1;13.32;5.54;28.75;5106;0.1;40
IMG_2558860914;5437682;0.4;88;98.42;1.58;23;13.62;6.45;26.31;5317;0.8;38
IMG_2558860973;3996527;0.3;90.18;97.13;2.87;9;4.9;11.01;22.35;3552;3;10.6
IMG_2558860982;2656591;0.4;88.74;97.74;2.26;8;6.4;6.83;23.21;2564;0.8;2
IMG_2558860994;3305253;0.46;86.58;97.92;2.08;12;6.38;8.08;22.67;3119;0.1;28
IMG_2561511089;2948319;0.71;92.88;97.94;2.06;5;5.07;7.5;26.47;2720;0.9;40
IMG_2561511142;3060291;0.3;86.63;96.04;3.96;27;6.16;3.85;25.53;2906;0.1;0.1
IMG_2561511155;3563292;0.33;86.17;98.28;1.72;9;5.93;9.62;20.47;3087;0.1;6
IMG_2561511157;3984229;0.39;83.68;96.64;3.36;36;12.01;4.4;26.47;3956;0.8;9
IMG_2561511172;4023512;0.45;89.93;98.42;1.58;9;11.87;7.73;28.29;3598;0.1;38
IMG_2561511189;6484828;0.65;88.87;98.56;1.44;16;13.99;11.61;22.58;5961;0.1;1.6
IMG_2561511211;3485960;0.53;87.33;96.77;3.23;30;11.68;3.37;23.19;3648;0.8;40
IMG_2562617014;2760118;0.43;91.9;97.53;2.47;9;3.96;4;23.76;2550;2;2.3
IMG_2562617054;4705879;0.72;92.66;98.67;1.33;7;4.61;3.52;24.59;4600;0.9;5.8
IMG_2562617078;3237471;0.58;92.21;98;2;9;9.83;3.57;23.97;3450;2;2
IMG_2562617092;5569640;0.37;89.36;98.53;1.47;3;7.25;11.66;21.29;5368;14.8;28
IMG_2562617166;3507873;0.45;88.02;97.74;2.26;15;6.18;10.9;18.69;3414;4;4
IMG_2562617167;2292986;0.49;89.11;97.8;2.2;3;10.19;7.76;19.37;2680;1;32
IMG_2562617184;3126396;0.69;88.11;97.9;2.1;5;12.64;6.66;28.54;2673;6;6
IMG_2562617192;3404505;0.32;82.51;98.99;1.01;4;10.96;3.69;29.65;3066;0.8;23
IMG_2562617193;3760335;0.62;89.63;98.63;1.37;3;13.99;9.6;26.73;3573;11.5;21
IMG_2562617194;6360979;0.39;84.01;97.23;2.77;21;3.32;4.58;26.05;5454;1;6.8
IMG_2563366500;3437906;0.37;93.2;98.84;1.16;2;8.39;13.32;21.17;3288;2.8;15.4
IMG_2563366504;3561124;0.47;87.62;97.75;2.25;9;3.49;7.19;25.46;3241;1.8;1.8
IMG_2563366721;3583479;0.29;86.02;91.98;8.02;64;5.67;2.39;25.16;3689;0.1;5.8
IMG_2563366727;3143441;0.3;87.26;97.21;2.79;12;5.16;6.36;25.8;2907;3.4;3.4
IMG_2563366728;3769755;0.61;90.82;98.18;1.82;9;7.43;6.8;22.79;3620;2.2;23
IMG_2563366763;7488930;0.55;87.93;99;1;3;6.28;7.44;21.56;6683;0.8;35
IMG_2563367074;3833369;0.45;89.89;98.04;1.96;4;15.78;7.51;23.92;3675;0.3;35
IMG_2563367152;7324415;0.44;85.75;98.69;1.31;4;13.74;7.92;27.94;6563;0.9;10.1
IMG_2563367155;4445024;0.35;82.56;98.56;1.44;4;13.53;6.28;28.88;4360;0.1;40
IMG_2563367161;5111694;0.42;89.78;98.06;1.94;14;8.18;15.6;21.72;4328;0.1;7.8
IMG_2563367173;6104768;0.43;87.08;98.84;1.16;11;6.96;4.09;20.46;6290;5;5
IMG_2563367175;4492810;0.66;87.44;98.23;1.77;2;14.8;8.93;21.46;4413;0.1;28
IMG_2565956515;4588955;0.52;91.56;98.11;1.89;9;7.31;15.74;25.51;4022;0.1;38
IMG_2565956520;4185035;0.43;89.44;98.19;1.81;9;6.66;8.1;27.82;3753;3.7;28
IMG_2565956664;3006240;0.43;85.85;97.1;2.9;11;11.07;8.34;22.31;2900;0.3;40
IMG_2565956760;3798198;0.4;87.58;97.51;2.49;21;11.29;8.6;22.79;3650;1;2.1
IMG_2565956768;2447188;0.27;91.8;98.7;1.3;1;12.79;6.44;22.32;2455;2.5;9.8
IMG_2565957139;2108215;0.44;92.79;97.5;2.5;6;7.21;8.38;23.82;2040;0.1;38
IMG_2568526121;4983984;0.39;88.18;96.62;3.38;24;10.48;13.22;24.98;4560;0.1;37
IMG_2568526157;3633869;0.42;84.97;97.18;2.82;13;12.5;3.92;28.53;3649;0.1;40
IMG_2568526214;6017687;0.36;67.59;98.38;1.62;10;4.73;6.5;17.66;5248;0.3;1.8
IMG_2568526390;2727199;0.41;88.66;96.83;3.17;25;13.22;7.12;19.25;2837;0.9;4.1
IMG_2568526406;3216409;0.43;83.68;98.39;1.61;3;11.75;6.5;21.92;2860;0.3;37
IMG_2568526531;5238558;0.62;86.33;98.5;1.5;14;7.66;8.7;16.21;4998;0.3;28
IMG_2568526533;5056349;0.62;88.68;98.11;1.89;12;13;9.28;24.21;4870;0.1;40
IMG_2568526656;3272645;0.43;80.27;98.64;1.36;3;12.55;5.59;22.23;2933;0.8;40
IMG_2571042913;5088373;0.54;87.76;98.25;1.75;11;8.99;8.53;28.9;4560;0.3;28
IMG_2571042918;3653213;0.64;92.08;98.16;1.84;6;6.33;10.44;21.46;3477;5.8;5.8
IMG_2571042919;4310829;0.37;91.37;97.2;2.8;26;5.76;13.18;22.13;3786;0.3;32
IMG_2574179718;4159472;0.6;89.23;98.01;1.99;12;5.89;7.55;20.98;3976;0.1;38
IMG_2574179722;4140757;0.4;89.75;96.17;3.83;6;6.32;10.67;22.55;3654;0.8;6.6
IMG_2574179776;3805681;0.66;92.09;98.46;1.54;3;6.36;11.51;22.63;3632;1;2.8
IMG_2574179777;5550230;0.4;88.34;98.45;1.55;9;5.36;9.93;22.62;4722;3.2;9.8
IMG_2574179780;4449396;0.57;91.82;98.22;1.78;9;6.98;10.42;25.14;4157;0.1;40
IMG_2574180166;2979231;0.68;86.43;98.53;1.47;3;9.97;10.77;21.57;2990;0.9;28
IMG_2574180182;4085976;0.57;92.19;98.49;1.51;6;14.47;8.93;22.46;4030;0.1;35
IMG_2576861003;6953788;0.66;89.3;98.96;1.04;4;13.24;10.89;22.49;6646;2.3;2.3
IMG_2576861233;3956064;0.65;85.4;97.24;2.76;7;16.06;8.59;23.13;3654;0.1;40
IMG_2576861281;4343511;0.68;89.27;98.52;1.48;3;10.61;13.2;22.16;4062;0.1;38
IMG_2576861310;3123278;0.71;91.91;97.87;2.13;3;17.18;5.56;29.34;2771;0.1;0.9
IMG_2576861398;2474654;0.53;91.6;98.11;1.89;3;7.63;7.59;25.32;2385;2.1;32
IMG_2576861451;2906670;0.38;90.06;97.01;2.99;18;13.85;4.42;26.86;2874;0.1;40
IMG_2576861456;5252070;0.6;86.78;98.89;1.11;9;6.41;16.67;20.69;4668;0.9;0.9
IMG_2576861471;4648976;0.67;87.84;98.02;1.98;12;11.14;16.11;25.28;4047;0.1;38
IMG_2576861493;3690521;0.62;90.41;98.76;1.24;1;10.43;13.16;22.44;3548;0.1;24
IMG_2576861656;4157429;0.61;88.33;98.57;1.43;6;9.04;14.43;22.71;3915;0.9;1.8
IMG_2576861672;3805767;0.66;89.08;98.65;1.35;3;13.31;7.81;20.3;3636;0.1;23
IMG_2576861680;4449424;0.69;83.95;98.94;1.06;3;10.11;7.93;20.89;4805;0.1;23
IMG_2576861693;5085524;0.63;86.71;98.94;1.06;3;15.28;9.61;23.48;4890;1.7;2
IMG_2576861699;3792189;0.63;69.78;99.02;0.98;3;8.3;5.35;16.2;4914;0.1;24.2
IMG_2576861773;6315474;0.66;78.42;98.59;1.41;8;8.69;14.96;23.19;5247;0.8;0.8
IMG_2576861796;3412133;0.52;91.76;98.35;1.65;2;15.68;6.68;25.6;3145;0.1;32
IMG_2579778718;3861701;0.58;89.24;98.85;1.15;3;14.32;8.19;21.54;3723;1.6;35
IMG_2579778832;8420463;0.48;86.79;98.46;1.54;11;10.63;6.23;22.86;8822;1.1;28
IMG_2579778870;3345299;0.39;87.33;97.96;2.04;4;10.64;8.08;20.77;3241;0.1;40
IMG_2579778893;7650246;0.54;87.82;98.63;1.37;8;14.23;6.27;27.17;7001;1;1
IMG_2579778963;2824977;0.5;93.32;98.19;1.81;8;11.26;6.44;24.41;2593;2.9;2.9
IMG_2579779168;5613335;0.67;89.56;98.74;1.26;3;6.46;9.91;23.79;5389;0.1;23
IMG_2579779169;3881122;0.63;91.42;98.28;1.72;7;5.72;8.31;20.16;3949;0.1;40
IMG_2579779170;2743966;0.63;91.95;98.12;1.88;3;6.57;11.64;23.69;2664;0.8;40
IMG_2582580502;2503174;0.43;90.95;97.79;2.21;7;7.87;11.08;25.91;2401;0.1;23
IMG_2582580720;8455632;0.63;87.25;98.67;1.33;22;7.42;10.5;23.52;7578;1.1;16.9
IMG_2582580733;2163552;0.43;93.49;97.94;2.06;6;5.96;7.76;22.2;2230;4.5;10.1
IMG_2582580772;3418697;0.58;91.46;98.68;1.32;3;10.67;11.18;21.7;3345;0.1;23
IMG_2582580855;3176383;0.59;91.67;98.58;1.42;1;13.77;9.7;21.58;3174;1.1;32
IMG_2582580897;6716157;0.62;89.09;97.07;2.93;37;15.42;10.69;22.01;6110;0.8;40
IMG_2582580996;4264396;0.29;83.78;97.89;2.11;12;12.07;2.6;24.8;3927;1;7.8
IMG_2582581004;6296878;0.66;89.81;97.97;2.03;3;14.96;12.01;23.55;5897;0.1;32
IMG_2582581317;4212161;0.37;90.01;97.04;2.96;9;5.13;11.41;22.48;3821;0.8;23
IMG_2585427602;3842990;0.34;91.82;98.3;1.7;6;5.09;12.81;24.92;3475;3.2;7.5
IMG_2585427686;3728293;0.64;90.49;98.7;1.3;3;14.61;9.49;23.82;3615;1;14.8
IMG_2585427703;4433312;0.55;89.07;98.72;1.28;3;17.07;6.35;24.51;4300;1;16.9
IMG_2585427711;1998543;0.37;82.9;95.68;4.32;16;12.67;5;22.73;1760;11.5;21
IMG_2585427811;3446523;0.43;88.66;97.98;2.02;2;11.51;3.34;22.6;3562;3.2;5.9
IMG_2585427825;5006523;0.37;87.84;98.66;1.34;4;7.15;13.74;23.5;4324;0.8;1.1
IMG_2585427828;4945295;0.62;90.16;99.12;0.88;3;16.8;8.78;21.24;4761;0.1;40
IMG_2585427837;3647272;0.35;88.68;93.09;6.91;4;7.36;12.15;21.31;3384;0.1;28
IMG_2585427838;3554760;0.64;88.68;97.21;2.79;6;15.67;6.16;21.14;3293;0.8;40
IMG_2585427906;3449113;0.37;88.25;98;2;3;8.16;16.62;22.37;2955;0.1;0.1
IMG_2585427914;4327984;0.44;85.81;98.04;1.96;5;11.57;9.27;25.07;4391;0.1;15
IMG_2585427915;3629390;0.47;90.73;98.79;1.21;3;12.82;5.91;21.93;3876;3.2;3.2
IMG_2585427936;3101937;0.53;90.82;97.4;2.6;9;11.81;4.08;27.79;3235;0.3;40
IMG_2585427957;3213871;0.65;89.6;98.4;1.6;3;9.95;11.71;22.02;3056;0.8;35
IMG_2585427984;6334613;0.67;90.47;99.01;0.99;3;9.81;9.76;18.02;6343;0.1;32
IMG_2585427989;7362133;0.36;84.83;98.59;1.41;6;4.58;15.92;23.96;5893;2.2;35
IMG_2585428024;5239285;0.62;80.02;98.9;1.1;3;15.32;9.06;21.47;4648;0.1;23
IMG_2585428059;8696589;0.44;86.32;98.02;1.98;24;4.35;6.27;27.32;8119;0.1;3.3
IMG_2585428062;6842168;0.66;91.63;98.85;1.15;3;6.71;13.14;23.23;6285;0.1;37
IMG_2585428095;3789702;0.35;89.4;97.02;2.98;8;4.47;11.7;21.74;3624;0.9;28
IMG_2585428139;4143240;0.64;90.29;98.45;1.55;3;15.16;9.76;23.1;4117;0.8;28
IMG_2588253753;5115410;0.39;85.31;97.04;2.96;46;13.05;4.42;28.11;4906;1;1.1
IMG_2588253765;3415905;0.59;89.29;98.71;1.29;3;9.01;6.8;22.46;3339;3.7;3.7
IMG_2588253789;4991160;0.56;87.66;98.43;1.57;7;17.03;9.08;23.5;4714;0.1;40
IMG_2588253916;5392044;0.47;88.82;99.16;0.84;3;6.37;8.3;21.57;4867;0.9;5.8
IMG_2588254076;5047633;0.46;90.52;97.91;2.09;18;7.89;13.56;21.5;4497;0.9;38
IMG_2590828100;4230738;0.7;91.82;98.86;1.14;3;10.89;4.43;24.08;4893;0.1;40
IMG_2590828685;12537762;0.69;68.57;99;1;4;6.08;11.1;17.34;8373;0.8;4.3
IMG_2596583605;3253933;0.64;90.94;98.07;1.93;6;11.13;12.44;22.53;3054;0.9;5
IMG_2597489935;3920328;0.47;90.57;98.13;1.87;12;10.01;10.45;22.7;3638;2.2;14.8
IMG_2597489983;2977056;0.69;92.93;98;2;4;10.31;14.57;25.61;2745;0.1;6.8
IMG_2597490200;4367159;0.65;88.11;98.25;1.75;14;11.03;6.26;28.05;4616;0.1;24.2
IMG_2597490201;5052234;0.62;89.65;98.71;1.29;3;17.56;9.09;25.06;5040;0.3;16.9
IMG_2597490209;2328278;0.65;92.06;97.11;2.89;11;11.03;6.66;23.08;2357;0.8;23
IMG_2597490221;4314497;0.58;90.71;98.38;1.62;8;13.4;9.25;21.67;4260;0.1;37
IMG_2597490274;3965007;0.62;85.12;97.36;2.64;8;16.84;6.85;24.63;3415;0.8;0.8
IMG_2597490291;3252740;0.35;90.64;98.83;1.17;3;6.34;10.41;21.17;3660;1;35
IMG_2599185148;3818286;0.58;89.77;98.25;1.75;3;6.1;8.56;26.82;3494;10;23
IMG_2600255010;6655047;0.69;90.16;99.45;0.55;2;10.07;8.55;21.37;7336;0.1;5.8
IMG_2600255044;2405186;0.3;84.94;98.57;1.43;4;10.88;7.63;23.45;2371;1.1;1.1
IMG_2600255081;4128680;0.65;88.71;98.66;1.34;4;17.03;8.63;22;4022;0.1;40
IMG_2600255151;2077086;0.71;88.16;96.86;3.14;6;13.45;6.08;26.28;1941;0.3;1.1
IMG_2602041541;3928443;0.65;90.19;98.51;1.49;4;16.08;9.6;24.39;3813;1.2;10.6
IMG_2602041567;10102375;0.67;89.84;99.31;0.69;3;4.6;12.32;18.54;8436;0.9;23
IMG_2602041633;6067218;0.49;87.09;98.85;1.15;3;11.72;3.68;23.21;7682;1;7.8
IMG_2602041640;3815107;0.59;90.02;98.27;1.73;3;11.74;13.13;24.32;3244;0.8;15
IMG_637000012;4727255;0.65;90.94;98.14;1.86;12;9.15;7.17;18.57;4686;0.1;35
IMG_637000023;5314794;0.35;85.4;95.32;4.68;42;6.75;6.47;29.04;5452;0.8;37
IMG_637000045;641454;0.25;84.73;93.2;6.8;3;13.1;0.68;14.97;588;6;9.8
IMG_637000103;3052398;0.63;91.49;98.14;1.86;3;9.26;10.69;21.94;3068;0.8;28
IMG_637000146;3405519;0.38;88.38;98.04;1.96;9;10.32;8.26;24.49;3062;0.8;6
IMG_637000157;3368780;0.63;90.5;98.12;1.88;6;6.34;12.84;25.27;3138;1;5.8
IMG_637000206;6403280;0.42;82.78;95.56;4.44;48;13.31;8.42;23.51;5746;3.2;3.2
IMG_637000216;5187005;0.45;87.33;97.91;2.09;15;8.72;12.83;23.88;4405;0.9;23
IMG_637000271;3373713;0.65;91.07;98.25;1.75;3;7.53;11.49;21.72;3265;2;40
IMG_637000325;2427734;0.43;90.68;97.22;2.78;9;7.34;8.44;23.33;2263;2;14.8
IMG_637000326;2201561;0.34;93.82;97.23;2.77;12;6.89;5.96;22.41;2164;0.3;37
IMG_638341009;4325257;0.67;86.13;98.41;1.59;9;15.96;6.85;22.16;3709;0.9;5.8
IMG_638341020;6653746;0.57;87.33;98.93;1.07;8;6.68;10.18;24.48;6090;0.8;32
IMG_638341078;3828328;0.52;87.24;98.33;1.67;6;7.27;8.73;28.31;3289;1.1;37
IMG_638341081;3265346;0.61;92.23;98.48;1.52;3;9.55;11.93;24.43;3226;0.1;21
IMG_638341124;5121076;0.41;87.78;98.01;1.99;26;13.73;7.04;22.04;4918;0.3;32
IMG_638341169;4506331;0.52;90.12;98.54;1.46;12;12.69;7.79;23.88;4301;4.5;28
IMG_638341183;3668667;0.64;89.82;98.39;1.61;6;15.31;6.49;21.53;3605;1.2;32
IMG_638341184;4762632;0.61;90.16;98.94;1.06;6;14.76;7.36;21.98;4823;1.2;24.2
IMG_638341212;4002069;0.6;90.05;98.41;1.59;12;14.53;7.58;21.24;4026;0.3;38
IMG_638341246;2769012;0.59;92.73;98.16;1.84;6;15.05;6.25;27.19;2718;0.8;16.2
IMG_639279312;5505494;0.64;86.48;98.36;1.64;6;5.42;9.23;23.44;4996;0.8;4.3
IMG_639633048;5236194;0.67;91.01;98.43;1.57;9;6.73;8.94;21.29;5158;0.9;40
IMG_639857037;5316258;0.41;81.85;99;1;11;8.23;3.08;20.57;4909;0.8;35
IMG_640963022;2869695;0.35;86.67;96.89;3.11;16;9.68;7.33;27.42;2892;2.4;2.4
IMG_641522635;4909403;0.69;92.13;98.71;1.29;7;6.99;10.09;22.42;4420;0.1;28
IMG_641522646;5774330;0.61;89.63;98.15;1.85;22;8.43;11.07;22.85;5292;0.8;32
IMG_641736179;8220857;0.6;85.86;98.86;1.14;12;6.93;12.32;22.16;6584;1;1.8
IMG_642555104;2664102;0.56;88.64;97.23;2.77;9;5.85;12.56;21.81;2238;0.1;7.8
IMG_642555114;1884364;0.35;83.56;97.44;2.56;3;4.51;4.71;21.59;1487;1;10.6
IMG_642555119;4576573;0.52;90.71;98.5;1.5;9;11.44;10.89;23.67;3811;0.3;11.2
IMG_642555130;3994874;0.55;92.45;98.62;1.38;6;5.72;10.43;10.48;3777;0.1;1.8
IMG_642555147;4379231;0.71;88.28;98.85;1.15;3;12;10.75;21.06;3899;1.1;1.1
IMG_642555149;2579695;0.5;89.09;98;2;3;6.77;6.16;21.66;2451;3.8;3.8
IMG_642791621;6052596;0.43;91.55;98.57;1.43;11;7.55;18.29;24.93;4982;2;2
IMG_642979351;4421324;0.44;92.36;97.79;2.21;12;8.23;13.4;21.78;4022;0.9;4.6
IMG_643348565;4305430;0.63;87.16;98.64;1.36;6;5.92;10.98;20.93;3971;0.8;23
IMG_643348575;5396476;0.43;85.12;97.74;2.26;25;11.06;12.48;22.92;5047;2.3;7.5
IMG_643692019;2446804;0.57;87.4;97.35;2.65;9;13.51;5.26;26.1;2073;1;40
IMG_643692024;4636964;0.64;92.15;98.7;1.3;3;9.26;12.04;21.97;3987;0.3;6
IMG_643886079;1515248;0.39;93.41;98.09;1.91;3;7.16;9.78;22.89;1411;0.1;40
IMG_643886132;4214385;0.44;87.57;97.34;2.66;31;12.39;6.19;25.99;4397;0.8;28
IMG_643886183;3116746;0.48;88.97;98.44;1.56;7;5.07;5.29;29.94;3213;3.1;15
IMG_643886196;3971306;0.51;83.64;98.68;1.32;3;4.33;3.48;18.75;3791;3;37
IMG_643886218;1919070;0.34;92.64;98.15;1.85;3;11.03;4.45;22.24;2113;0.9;1.1
IMG_644736349;2909567;0.57;85.77;97.7;2.3;6;6.93;5.74;24.27;2612;0.9;40
IMG_644736350;3942657;0.59;90.37;98.01;1.99;7;6.26;7.46;25.17;3564;1.5;4.6
IMG_644736377;2852073;0.44;90.54;98.22;1.78;6;6.68;12.62;27.1;2694;1.1;13.8
IMG_644736387;6123851;0.68;83.56;98.49;1.51;15;10.24;10.14;22.44;5829;0.1;32
IMG_644736388;2547570;0.46;90.31;97.83;2.17;6;7.96;9.25;25.96;2400;0.1;37
IMG_644736389;3082007;0.55;91.76;98.19;1.81;6;7.53;11.22;24.06;2976;0.1;35
IMG_645058794;4067717;0.39;81.2;99.05;0.95;3;8.62;4.63;18.72;3691;0.3;16.9
IMG_645951844;2585197;0.7;91.46;98.9;1.1;3;6.29;4.8;18.87;3625;1.8;5.8
IMG_646206254;2691446;0.29;90.41;97.97;2.03;3;15.7;3.11;21.65;2605;0.9;8.4
IMG_646206263;5622644;0.42;89.99;98.64;1.36;3;8.38;13.39;21.34;4938;3;7.8
IMG_646311951;2264603;0.6;84.56;96.95;3.05;11;11.04;6.67;23.1;1965;1;28
IMG_646311954;8491258;0.5;88.4;99.12;0.88;11;4.7;15.36;22.59;7130;0.9;5.8
IMG_646564502;3669074;0.64;91.91;98.1;1.9;9;5.97;6.54;22.91;3366;0.1;3.8
IMG_646564506;3192235;0.28;94.01;97.83;2.17;12;8.2;6.15;26.02;3220;2.3;13.8
IMG_646564551;3059871;0.43;90.95;97.97;2.03;9;7.28;10.99;26.35;2858;0.1;23
IMG_646564569;3003656;0.58;92.26;98.26;1.74;6;6.23;9.54;25.78;3049;0.3;2.3
IMG_646564588;2131905;0.44;94.1;97.85;2.15;6;9.5;4.65;20.61;1999;1.1;9
IMG_646564591;5128187;0.36;87.43;98.81;1.19;9;7.52;9.75;21.89;4709;1;23
IMG_647000291;5046328;0.41;77.93;94.05;5.95;35;15.36;9.14;22.02;3751;0.1;40
IMG_647000293;3033961;0.45;85.59;97.69;2.31;7;7.76;13.25;21.48;2514;0.1;0.1
IMG_647000304;3514342;0.65;91.12;98.7;1.3;3;5.79;9.04;22.44;3453;0.3;11.5
IMG_647000312;5125678;0.56;88.08;98.07;1.93;3;15.4;7.45;22.92;5222;0.1;40
IMG_647000330;2953411;0.34;85.06;97.41;2.59;7;12.96;5.01;28.16;2855;0.1;3.2
IMG_647533183;3047652;0.46;89.75;98.49;1.51;7;10.6;7.15;21.53;3047;0.9;6.8
IMG_647533184;8679041;0.45;81.6;99.22;0.78;12;5.06;2.58;17.6;8359;0.8;16.2
IMG_647533201;4487498;0.58;86.6;98.52;1.48;8;12.66;6.29;18.76;4338;1.6;32
IMG_647533202;4018415;0.53;87.62;98.89;1.11;6;13.35;5.87;19.14;4226;0.1;37
IMG_647533209;4689084;0.59;89.49;98.36;1.64;16;14.31;7.04;19.61;4814;0.3;40
IMG_647533243;5775745;0.54;88.89;99.03;0.93;3;9.8;10.65;23.1;4957;0.8;32
IMG_647533248;2625605;0.54;87.44;98.56;1.44;3;9.26;8.22;21.92;2495;14.8;21
IMG_647533249;4208084;0.56;89.44;98.52;1.48;10;10.65;8.91;21.85;3726;0.1;37
IMG_648028002;2469596;0.37;88.37;96.51;3.49;15;5.82;4.06;14.77;2438;2.8;11.5
IMG_648028008;4027676;0.44;89.27;97.46;2.54;24;12.76;6.36;27.02;4168;0.8;32
IMG_648028010;3445263;0.68;91.63;98.35;1.65;6;6.37;14.03;23.31;3393;0.1;23
IMG_648028033;5513887;0.63;88.61;98.67;1.33;9;17.02;9.81;24.03;4799;0.1;40
IMG_648276675;1908011;0.32;91.35;97.09;2.91;6;13.42;4.28;26.1;1893;1.7;23
IMG_648276677;1672842;0.42;84.74;96.53;3.47;3;12.36;5.57;27.55;1383;4;4
IMG_648276686;4529231;0.64;90.14;98.93;1.01;3;12.58;7.96;19.92;4763;0.8;38
IMG_648861014;5696886;0.54;89.2;98.65;1.26;18;10.11;5.48;18.56;6202;2.1;2.1
IMG_649633006;3918192;0.59;83.84;97.67;2.33;18;11.68;6.05;23.79;3518;0.9;2.1
IMG_649633007;4308776;0.6;89.32;98.44;1.56;9;7.47;15.89;23.82;3921;0.1;1.8
IMG_649633033;2715461;0.33;90.64;95.72;4.28;18;11.42;4.65;22.69;2688;0.9;4
IMG_649633036;3851869;0.59;89.63;98.33;1.67;6;5.72;7.28;23.86;3408;0.9;28
IMG_649633037;3629109;0.63;89.96;98.18;1.82;6;5.35;7.02;24.2;3405;1.2;28
IMG_649633044;4276902;0.48;90.68;98.39;1.61;16;10.26;3.75;25.03;4583;1;7.8
IMG_649633052;2613117;0.33;90.63;97.08;2.92;12;6.37;2.92;25.33;2463;0.3;40
IMG_649633065;4516490;0.36;90.16;98.73;1.27;6;5.08;11.77;26;3857;0.3;35
IMG_649633080;3685504;0.39;87.98;97.95;2.05;9;5.16;14.34;25.21;3118;0.1;1.5
IMG_649633097;2819357;0.45;93.88;97.88;2.12;9;5.77;7.05;21.99;2879;0.1;1.2
IMG_649989908;2253392;0.27;93.94;98.1;1.9;3;11.7;4.86;25.01;2427;1.1;1.1
IMG_649989916;2401436;0.6;86.99;96.82;3.18;8;12.56;4.74;23.41;2110;0.9;7.8
IMG_649989929;3555295;0.71;88.9;98.47;1.53;5;9.63;6.01;22.18;3593;1.1;3.3
IMG_649989930;3388691;0.64;86.88;98.29;1.71;4;13.69;4.35;30.16;2987;3.3;5.9
IMG_649989951;2926561;0.56;90.72;98.27;1.73;4;9.46;4.89;21.73;3414;0.9;2
IMG_649989983;2122261;0.48;89.42;97.64;2.36;3;13.03;6.31;22.89;2202;0.9;1.8
IMG_649990023;2427308;0.63;88.02;98.3;1.7;4;7.95;5.17;20.61;2766;1.6;1.6
IMG_649990027;2176752;0.39;86.24;97.13;2.87;9;13.4;6.56;23.51;2059;28;28
IMG_650377904;3763317;0.58;71.65;97.97;2.03;3;7.03;16.93;18.23;2616;1;2.4
IMG_650377920;1724586;0.3;94.6;97.16;2.84;9;14.36;5.89;22.72;1866;0.9;3.1
IMG_650377966;2249085;0.41;74.47;97.79;2.21;3;8.15;9.67;26.3;1852;1.1;2
IMG_650377967;3757491;0.42;77.51;98.29;1.71;1;11.21;7.45;25.83;3210;2;2
IMG_650377990;3114788;0.37;80.27;98.05;1.95;2;10.54;5.8;23.46;2826;2;2
IMG_650377991;4651725;0.57;90.5;98.66;1.34;9;12.93;7.18;23.29;4470;0.8;40
IMG_650716044;3296168;0.31;92.45;98.55;1.45;6;4.86;13.38;23.63;3026;3.2;3.2
IMG_650716066;3337023;0.45;87.77;98.64;1.36;3;5.65;7.47;25.54;3238;0.1;3.1
IMG_650716104;4052047;0.45;87.23;97.26;2.74;21;13.32;6.96;23.25;3836;1;15.4
IMG_651324012;6545234;0.42;91.2;98.51;1.49;10;7.8;18.21;22.62;5167;1;16.9
IMG_651324099;4268406;0.66;89.32;98.72;1.28;3;11.09;10.92;22.23;4066;0.1;40